contig	position	variantID	refAllele	altAllele	refCount	altCount	totalCount	lowMAPQDepth	lowBaseQDepth	rawDepth	otherBases	improperPairs
1	9790109	.	T	C	7	2	9	0	0	9	0	0
1	10101774	.	T	C	2	2	4	0	0	4	0	0
1	13856180	.	C	G	0	2	2	0	3	5	0	0
1	16717060	.	T	C	3	2	5	0	0	5	0	0
1	22031785	.	T	C	7	16	23	0	0	23	0	0
1	37482239	.	T	C	11	2	13	0	1	14	0	0
1	39694515	.	G	A	5	2	7	0	0	7	0	0
1	42789922	.	A	G	7	3	10	0	0	10	0	0
1	44159203	.	A	G	9	2	11	0	0	11	0	0
1	59756998	.	A	G	19	4	23	0	0	23	0	0
1	59913367	.	A	G	36	17	53	0	2	55	0	0
1	60517747	.	A	G	45	24	69	1	10	80	0	0
1	63156443	.	A	G	4	3	7	0	0	7	0	0
1	66711873	.	A	G	84	40	124	0	4	128	0	0
1	74621451	.	T	C	2	2	4	0	0	4	0	0
1	75163777	.	T	C	3	1	4	0	1	5	0	0
1	75398649	.	A	G	23	12	35	0	1	36	0	0
1	75398708	.	A	G	5	25	30	0	2	32	0	0
1	86275650	.	T	C	17	3	20	0	2	22	0	0
1	86275689	.	T	C	17	5	22	0	0	22	0	0
1	88146308	.	C	T	4	2	6	0	0	6	0	0
1	88187311	.	C	T	6	2	8	0	0	8	0	0
1	88188057	.	A	C	1	2	3	0	0	3	0	0
1	88188360	.	T	G	0	2	2	0	0	2	0	0
1	88188362	.	C	G	1	2	3	0	0	3	0	0
1	88189031	.	G	A	4	2	6	0	0	6	0	0
1	88189360	.	G	A	2	2	4	0	0	4	0	0
1	88189462	.	G	A	8	3	11	0	0	11	0	0
1	88189641	.	G	C	4	2	6	0	0	6	0	0
1	88189784	.	A	G	1	2	3	0	0	3	0	0
1	88190661	.	G	C	2	3	5	0	0	5	0	0
1	88190717	.	G	C	3	2	5	0	0	5	0	0
1	88190921	.	C	T	1	8	9	0	0	9	0	0
1	88191237	.	A	C	18	38	56	0	0	56	0	0
1	88191281	.	A	G	54	8	62	0	1	63	0	0
1	88191320	.	C	T	13	30	43	0	0	43	0	0
1	88191706	.	G	A	27	4	31	0	0	31	0	0
1	88191710	.	T	C	4	26	30	0	0	30	0	0
1	88191744	.	C	A	27	4	31	0	0	31	0	0
1	88191864	.	G	T	38	6	44	0	4	48	0	0
1	88192008	.	C	T	48	11	59	0	7	66	0	0
1	88192037	.	T	A	3	16	19	0	1	20	0	0
1	88192048	.	G	C	12	31	43	0	1	44	0	0
1	88192098	.	G	A	53	9	62	0	1	63	0	0
1	88192180	.	G	T	60	9	69	0	0	69	0	0
1	88192184	.	T	A	60	7	67	0	1	68	0	0
1	88192243	.	A	G	11	38	49	0	0	49	0	0
1	88192700	.	G	A	13	23	36	0	0	36	0	0
1	88192756	.	G	A	12	50	62	0	2	64	0	0
1	88192980	.	A	G	5	36	41	2	6	49	0	0
1	88193031	.	C	G	9	21	30	1	1	32	0	0
1	88193194	.	C	T	2	4	6	2	2	10	0	0
1	88193568	.	A	C	3	3	6	29	0	35	0	0
1	88193917	.	G	A	9	16	25	21	0	46	0	0
1	88194314	.	C	A	30	9	39	2	1	42	0	0
1	88197053	.	T	C	3	3	6	0	0	6	0	0
1	88197991	.	A	G	11	35	46	0	2	48	0	0
1	88200653	.	A	C	2	19	21	0	0	21	0	0
1	88200670	.	G	A	2	16	18	0	0	18	0	0
1	88200718	.	C	A	1	9	10	0	1	11	0	0
1	88200832	.	C	T	12	14	26	0	0	26	0	0
1	88202541	.	C	G	2	2	4	0	0	4	0	0
1	88202772	.	A	T	2	0	2	1	1	4	0	0
1	88204960	.	T	C	0	10	10	4	0	14	0	0
1	88205286	.	A	T	6	4	10	2	0	12	0	0
1	133065748	.	A	G	32	6	38	0	1	39	0	0
1	134707224	.	T	C	1	2	3	0	0	3	0	0
1	143656296	.	A	G	10	2	12	0	0	12	0	0
1	152713324	.	G	A	19	7	26	0	9	35	0	0
1	156255182	.	T	C	6	12	18	0	0	18	0	0
1	156255601	.	T	C	3	4	7	0	0	7	0	0
1	165058785	.	T	C	2	3	5	0	0	5	0	0
1	170020996	.	C	T	2	2	4	0	0	4	0	0
1	180924020	.	T	C	18	12	30	0	2	32	0	0
1	181642952	.	A	G	10	2	12	0	1	13	0	0
1	183190594	.	A	G	14	6	20	0	0	20	0	0
1	183190595	.	A	G	18	2	20	0	0	20	0	0
1	183190682	.	A	G	17	4	21	0	0	21	0	0
1	189851941	.	G	T	3	1	4	0	1	5	0	0
1	192858205	.	C	T	3	3	6	0	1	7	0	0
1	192858207	.	C	T	4	2	6	0	1	7	0	0
10	4363518	.	G	T	1	1	2	0	1	3	0	0
10	4363522	.	G	T	2	2	4	0	0	4	0	0
10	49118546	.	T	C	14	2	16	0	0	16	0	0
10	49118584	.	T	C	8	10	18	0	0	18	0	0
10	49118640	.	T	C	12	2	14	0	0	14	0	0
10	49148872	.	T	C	5	34	39	0	0	39	0	0
10	49148885	.	T	C	5	35	40	0	1	41	0	0
10	57383221	.	A	G	5	4	9	0	0	9	0	0
10	57383263	.	A	G	9	3	12	0	0	12	0	0
10	57391874	.	C	T	15	5	20	0	1	21	0	0
10	79593723	.	A	G	3	2	5	0	0	5	0	0
10	80176855	.	T	C	6	2	8	0	0	8	0	0
10	81181979	.	T	C	18	3	21	0	0	21	0	0
10	81182083	.	T	C	32	6	38	0	1	39	0	0
10	82486613	.	T	C	16	5	21	0	0	21	0	0
10	93801879	.	T	C	14	2	16	0	0	16	0	0
10	93801926	.	T	C	6	7	13	0	0	13	0	0
10	94057224	.	A	G	13	2	15	0	0	15	0	0
10	126903751	.	T	C	83	11	94	0	4	98	0	0
11	4091399	.	T	C	16	4	20	0	0	20	0	0
11	4091432	.	T	C	12	2	14	0	0	14	0	0
11	5732196	.	A	G	2	0	2	0	0	2	0	0
11	22925928	.	G	A	1	2	3	0	0	3	0	0
11	30051812	.	T	C	10	5	15	0	0	15	0	0
11	30229683	.	C	T	2	2	4	0	0	4	0	0
11	46163470	.	T	C	56	341	397	0	7	404	0	0
11	54730814	.	T	C	16	8	24	0	1	25	0	0
11	58218134	.	T	C	2	3	5	0	0	5	0	0
11	69922901	.	A	G	4	4	8	0	0	8	0	0
11	69925876	.	A	G	6	2	8	0	1	9	0	0
11	69926648	.	A	G	15	3	18	0	0	18	0	0
11	69927869	.	A	G	1	8	9	0	0	9	0	0
11	69937302	.	A	G	9	6	15	0	0	15	0	0
11	69937304	.	A	G	11	3	14	0	0	14	0	0
11	74747599	.	T	C	3	2	5	0	0	5	0	0
11	75067258	.	T	C	31	14	45	0	0	45	0	0
11	77426880	.	T	C	48	8	56	0	0	56	0	0
11	78186104	.	A	G	8	4	12	0	1	13	0	0
11	80069675	.	A	G	8	2	10	0	0	10	0	0
11	86521440	.	A	C	1	2	3	10	2	15	0	0
11	86521633	.	T	C	1	4	5	1	0	6	0	0
11	87476439	.	A	G	17	4	21	0	0	21	0	0
11	87745813	.	G	C	2	0	2	0	1	3	0	0
11	94431300	.	T	C	7	2	9	0	0	9	0	0
11	94431318	.	T	C	8	4	12	0	0	12	0	0
11	94431842	.	T	C	13	5	18	0	0	18	0	0
11	95962333	.	T	C	11	2	13	0	0	13	0	0
11	97535690	.	T	C	9	5	14	0	0	14	0	0
11	100329329	.	T	C	3	2	5	0	0	5	0	0
11	100330631	.	T	C	7	2	9	0	0	9	0	0
11	100488792	.	T	C	6	4	10	0	0	10	0	0
11	101089557	.	T	C	25	6	31	0	0	31	0	0
11	101089802	.	T	C	20	10	30	0	0	30	0	0
11	101467457	.	A	G	4	2	6	0	0	6	0	0
11	102837091	.	T	C	11	2	13	0	0	13	0	0
11	103222923	.	C	T	9	5	14	0	2	16	0	0
11	105068804	.	T	C	2	2	4	0	0	4	0	0
11	106048604	.	T	C	12	4	16	0	0	16	0	0
11	112676982	.	C	A	3	2	5	1	1	7	0	0
11	115495740	.	T	C	6	2	8	0	0	8	0	0
11	116303813	.	T	C	12	2	14	0	1	15	0	0
11	116471963	.	T	C	17	47	64	0	0	64	0	0
12	3454168	.	A	G	40	15	55	8	0	63	0	0
12	3454248	.	A	G	18	32	50	9	6	65	0	0
12	17479809	.	A	G	6	18	24	0	0	24	0	0
12	46747117	.	T	C	30	14	44	0	0	44	0	0
12	52045825	.	A	G	5	2	7	0	0	7	0	0
12	54718540	.	T	C	26	3	29	0	0	29	0	0
12	54719070	.	T	C	33	7	40	0	1	41	0	0
12	54719142	.	T	C	36	11	47	0	0	47	0	0
12	65113982	.	T	C	10	3	13	0	0	13	0	0
12	65114010	.	T	C	14	3	17	0	0	17	0	0
12	69244102	.	A	G	13	6	19	0	1	20	0	0
12	69347175	.	A	G	5	4	9	0	0	9	0	0
12	71041403	.	A	G	4	30	34	0	1	35	0	0
12	75677928	.	A	G	5	5	10	5	0	15	0	0
12	76366551	.	T	C	3	3	6	0	0	6	0	0
12	80154594	.	C	T	13	4	17	0	1	18	0	0
12	84090901	.	A	G	2	2	4	0	0	4	0	0
12	84106198	.	T	C	2	2	4	0	0	4	0	0
12	85159777	.	A	G	5	2	7	0	0	7	0	0
12	99161253	.	C	T	3	3	6	0	3	9	0	0
12	100350090	.	T	C	3	3	6	0	0	6	0	0
12	101886131	.	T	C	15	8	23	0	0	23	0	0
12	101887890	.	T	C	12	3	15	0	1	16	0	0
12	104206650	.	C	G	1	2	3	36	0	39	0	0
12	108756834	.	T	C	7	2	9	0	0	9	0	0
12	109559208	.	A	T	5	2	7	0	0	7	0	0
12	109559209	.	T	G	5	2	7	0	0	7	0	0
12	109709598	.	T	C	6	2	8	0	0	8	0	0
12	116018543	.	A	G	1	13	14	0	0	14	0	0
12	116018627	.	G	A	2	10	12	0	0	12	0	0
12	116018630	.	T	A	1	9	10	0	1	11	0	0
12	116025844	.	C	T	1	12	13	0	0	13	0	0
12	116426438	.	A	G	0	2	2	0	1	3	0	0
12	116426457	.	G	A	1	2	3	0	0	3	0	0
12	119984497	.	A	G	22	3	25	0	2	28	1	0
13	3611041	.	A	G	4	2	6	0	0	6	0	0
13	8901801	.	T	C	13	5	18	0	0	18	0	0
13	14226674	.	T	C	49	5	54	0	1	55	0	0
13	17871531	.	T	C	17	4	21	11	0	32	0	0
13	17979133	.	T	C	8	5	13	0	0	13	0	0
13	21574169	.	T	C	4	6	10	0	1	11	0	0
13	21574188	.	T	C	5	3	8	0	0	8	0	0
13	47400399	.	G	A	1	2	3	0	0	3	0	0
13	64437994	.	T	C	14	5	19	1	1	21	0	0
13	64438124	.	T	C	9	3	12	0	0	12	0	0
13	64438172	.	T	C	12	3	15	0	0	16	1	0
13	67967482	.	T	C	3	4	7	0	0	7	0	0
13	67967775	.	T	C	1	3	4	0	0	4	0	0
13	98886619	.	A	G	1	2	3	0	0	3	0	0
13	118515925	.	T	C	3	3	6	0	0	6	0	0
13	119625401	.	G	T	17	7	24	0	0	24	0	0
13	120173510	.	C	T	14	4	18	0	0	18	0	0
13	120252066	.	T	C	18	3	21	0	0	21	0	0
14	9647289	.	A	G	66	8	74	0	3	77	0	0
14	10058181	.	A	G	133	32	165	0	5	170	0	0
14	14533725	.	T	C	0	15	15	0	1	16	0	0
14	21846832	.	A	G	16	29	45	0	1	46	0	0
14	21846833	.	A	G	38	7	45	0	1	46	0	0
14	21847779	.	A	G	72	19	91	0	1	92	0	0
14	26382360	.	T	C	7	2	9	0	0	9	0	0
14	29788070	.	T	C	18	3	21	0	0	21	0	0
14	29788078	.	T	C	14	9	23	0	0	23	0	0
14	32018582	.	A	G	22	9	31	0	0	31	0	0
14	34132799	.	C	T	1	1	2	0	1	3	0	0
14	47558247	.	A	G	6	2	8	5	0	13	0	0
14	48646472	.	A	G	0	2	2	0	1	3	0	0
14	51013458	.	T	C	9	4	13	0	0	13	0	0
14	51152261	.	T	C	1	1	2	0	1	3	0	0
14	55749057	.	A	G	10	3	13	0	1	14	0	0
14	56488182	.	G	A	1	2	3	0	0	3	0	0
14	62778450	.	A	G	1	2	3	5	1	9	0	0
14	65291200	.	A	G	17	3	20	0	24	44	0	0
14	75957159	.	T	C	12	3	15	0	1	16	0	0
14	103584115	.	T	C	21	13	34	1	0	35	0	0
14	121273016	.	A	G	7	4	11	0	0	11	0	0
15	8187674	.	A	G	2	8	10	0	0	10	0	0
15	8188973	.	A	G	6	4	10	0	0	10	0	0
15	36604971	.	T	C	1	3	4	0	0	4	0	0
15	66158075	.	T	C	21	7	28	0	0	28	0	0
15	79571382	.	G	A	33	5	38	0	6	45	1	0
15	81074869	.	A	G	2	3	5	0	1	6	0	0
15	81074873	.	T	G	0	2	2	0	3	5	0	0
15	81276524	.	C	T	3	2	5	0	0	5	0	0
15	84071378	.	A	G	1	3	4	0	1	5	0	0
15	88747098	.	G	C	52	19	71	0	3	74	0	0
15	98634993	.	T	C	13	25	38	0	0	38	0	0
15	98731431	.	T	C	30	4	34	0	0	34	0	0
15	99142536	.	T	C	11	5	16	2	0	18	0	0
15	99626091	.	A	G	5	5	10	0	0	10	0	0
16	3680985	.	T	C	16	5	21	0	1	22	0	0
16	3901834	.	G	A	12	1	13	0	6	19	0	0
16	10891391	.	T	C	8	3	11	0	6	17	0	0
16	13520445	.	A	G	12	4	16	0	0	16	0	0
16	13520501	.	A	G	13	3	16	0	0	16	0	0
16	13651947	.	T	C	23	3	26	0	1	27	0	0
16	17223717	.	A	G	7	2	9	0	0	9	0	0
16	18653678	.	A	G	64	18	82	0	1	83	0	0
16	19942498	.	A	G	34	18	52	0	0	52	0	0
16	20363104	.	A	G	3	2	5	0	0	5	0	0
16	20508413	.	A	G	6	2	8	0	1	9	0	0
16	24810527	.	C	T	2	1	3	0	1	4	0	0
16	30330773	.	T	C	13	3	16	0	0	16	0	0
16	32119150	.	A	G	22	14	36	0	0	36	0	0
16	43691361	.	T	C	2	3	5	0	0	5	0	0
16	55722120	.	T	C	13	2	15	0	0	15	0	0
16	87230813	.	T	C	14	3	17	0	0	17	0	0
16	87230814	.	T	C	13	4	17	0	0	17	0	0
16	87737431	.	T	C	1	2	3	0	0	3	0	0
16	91453021	.	A	G	91	18	109	0	3	112	0	0
16	97658519	.	T	C	7	2	9	0	0	9	0	0
17	13238450	.	A	G	7	2	9	4	0	13	0	0
17	15741073	.	A	G	5	4	9	0	0	9	0	0
17	17566278	.	G	C	1	2	3	8	1	12	0	0
17	24381413	.	T	C	7	2	9	0	0	9	0	0
17	24635786	.	A	G	13	3	16	0	1	17	0	0
17	24940431	.	A	G	4	2	6	0	0	6	0	0
17	28039537	.	T	C	7	2	9	0	0	10	1	0
17	28392510	.	C	T	1	2	3	0	0	3	0	0
17	33552004	.	T	C	25	5	30	0	0	30	0	0
17	33966501	.	T	C	27	4	31	180	7	218	0	0
17	34147531	.	A	G	19	12	31	0	2	33	0	0
17	35347387	.	A	T	10	3	13	0	6	19	0	0
17	36580955	.	T	C	4	2	6	0	0	6	0	0
17	40158498	.	T	C	3462	4489	7951	0	138	8421	332	0
17	40159543	.	T	C	46	296	342	0	3	345	0	0
17	45973875	.	T	C	25	90	115	0	7	122	0	0
17	62088129	.	T	C	3	2	5	3	0	8	0	0
17	95067479	.	T	C	19	25	44	0	0	44	0	0
18	6792650	.	A	G	24	3	27	0	1	28	0	0
18	24097917	.	A	G	10	2	12	0	0	12	0	0
18	24639050	.	T	C	8	4	12	0	0	12	0	0
18	24750998	.	G	A	8	2	10	0	0	10	0	0
18	24751000	.	A	G	8	2	10	0	0	10	0	0
18	31845190	.	A	G	3	2	5	0	0	5	0	0
18	31974868	.	A	G	1	2	3	0	0	3	0	0
18	32235930	.	A	G	12	6	18	0	0	18	0	0
18	32236019	.	A	G	10	4	14	0	0	14	0	0
18	32561134	.	A	G	42	10	52	0	1	53	0	0
18	35743341	.	A	G	5	2	7	0	0	7	0	0
18	35807586	.	T	C	75	23	98	0	0	98	0	0
18	35935410	.	A	G	2	2	4	0	0	4	0	0
18	38437194	.	A	G	3	2	5	0	0	5	0	0
18	38596598	.	A	G	1	2	3	0	0	3	0	0
18	53040085	.	C	T	1	3	4	0	0	4	0	0
18	69817433	.	G	A	3	1	4	0	1	5	0	0
18	71390265	.	C	A	10	2	12	0	1	13	0	0
18	75567947	.	T	G	9	4	13	0	0	13	0	0
18	82712421	.	T	C	1	2	3	3	0	6	0	0
19	3916452	.	A	G	15	2	17	0	0	17	0	0
19	3917362	.	A	G	5	3	8	0	0	8	0	0
19	4813117	.	T	C	9	4	13	0	0	13	0	0
19	6895783	.	T	C	4	2	6	0	0	6	0	0
19	7515480	.	A	G	30	5	35	0	0	35	0	0
19	10223060	.	T	C	31	55	86	0	3	89	0	0
19	10885930	.	A	G	1	2	3	0	0	3	0	0
19	12441626	.	A	G	26	9	35	0	0	36	1	0
19	25773377	.	T	G	0	2	2	0	1	3	0	0
19	28840153	.	T	C	1	2	3	0	0	3	0	0
19	29248791	.	T	G	14	13	27	0	0	27	0	0
19	38777463	.	A	G	0	2	2	0	1	3	0	0
19	43429365	.	A	G	23	4	27	0	0	27	0	0
19	43429601	.	A	G	18	26	44	0	1	45	0	0
19	43429686	.	A	G	43	11	54	0	1	55	0	0
19	43429753	.	A	G	38	6	44	0	0	44	0	0
19	44993669	.	T	C	49	11	60	0	0	60	0	0
19	44993727	.	T	C	44	6	50	0	0	50	0	0
19	46584763	.	A	G	5	2	7	0	0	7	0	0
19	59447523	.	A	C	2	2	4	0	2	6	0	0
19	59447529	.	A	C	4	2	6	0	0	6	0	0
2	5902451	.	T	C	4	2	6	0	1	7	0	0
2	6448875	.	C	T	5	3	8	0	2	10	0	0
2	14152459	.	G	A	8	3	11	0	0	11	0	0
2	18220113	.	T	C	10	3	13	0	0	13	0	0
2	27153718	.	T	C	5	5	10	0	0	10	0	0
2	30169483	.	A	G	4	2	6	0	0	6	0	0
2	30920396	.	T	C	23	4	27	0	0	27	0	0
2	31957993	.	A	G	6	2	8	0	0	8	0	0
2	32174582	.	T	C	4	2	6	0	0	6	0	0
2	32196762	.	A	G	53	10	63	0	2	65	0	0
2	32262120	.	A	G	1	2	3	0	0	3	0	0
2	58336535	.	C	T	4	2	6	0	0	6	0	0
2	91043632	.	A	G	46	7	53	0	0	53	0	0
2	102612558	.	T	A	179	62	241	1	31	273	0	0
2	104511430	.	T	C	19	5	24	0	1	25	0	0
2	118700801	.	A	G	11	4	15	0	0	15	0	0
2	118702703	.	A	G	16	3	19	0	0	19	0	0
2	118849456	.	G	A	48	44	92	0	6	98	0	0
2	119481395	.	T	C	9	2	11	0	0	11	0	0
2	120451649	.	A	G	18	3	21	1	0	22	0	0
2	121178337	.	T	C	3	2	5	0	0	5	0	0
2	121323384	.	T	C	21	2	23	3	0	26	0	0
2	121373743	.	A	G	4	2	6	0	0	6	0	0
2	122462016	.	G	T	8	2	10	0	0	10	0	0
2	130715901	.	T	C	2	3	5	0	0	5	0	0
2	132151800	.	A	G	53	306	359	0	7	366	0	0
2	144382358	.	A	G	27	5	32	0	0	32	0	0
2	152114942	.	A	G	1	5	6	0	1	7	0	0
2	152115260	.	A	G	11	3	14	0	0	14	0	0
2	154379850	.	A	G	33	8	41	0	0	42	1	0
2	155980520	.	T	C	1	2	3	0	0	3	0	0
2	157400030	.	T	C	90	15	105	8	1	114	0	0
2	158225545	.	A	G	427	56	483	0	3	486	0	0
2	158226873	.	A	G	101	356	457	1	14	472	0	0
2	163309459	.	T	C	6	14	20	0	0	20	0	0
2	164266227	.	T	A	1	1	2	0	5	7	0	0
2	164953669	.	T	C	35	8	43	0	0	43	0	0
2	164953773	.	T	C	38	11	49	0	0	49	0	0
2	169913421	.	A	G	6	2	8	0	0	8	0	0
2	174169694	.	A	G	117	29	146	1	5	152	0	0
3	8681021	.	A	G	1	2	3	0	0	3	0	0
3	8681088	.	A	G	1	2	3	0	0	3	0	0
3	8681090	.	A	G	1	2	3	0	0	3	0	0
3	26385911	.	T	C	16	2	18	0	0	18	0	0
3	32566339	.	A	G	17	2	19	0	0	19	0	0
3	32636549	.	T	C	16	4	20	0	0	20	0	0
3	36146600	.	A	G	2	2	4	3	0	7	0	0
3	40748697	.	A	G	32	8	40	14	0	54	0	0
3	57364949	.	T	A	9	3	12	0	1	13	0	0
3	65866372	.	A	G	6	2	8	0	0	8	0	0
3	80599593	.	T	C	26	56	82	0	2	84	0	0
3	80613850	.	T	C	22	6	28	0	0	28	0	0
3	80614159	.	T	C	13	14	27	0	1	28	0	0
3	80614215	.	T	C	95	39	134	0	1	135	0	0
3	88259979	.	A	G	3	2	5	0	1	6	0	0
3	94794244	.	T	A	17	4	21	0	1	22	0	0
3	94794245	.	G	A	18	4	22	0	0	22	0	0
3	95090814	.	T	C	3	2	5	0	0	5	0	0
3	95416497	.	A	C	5	1	6	0	0	6	0	0
3	95416498	.	G	T	5	1	6	0	0	6	0	0
3	96539776	.	A	G	8	17	25	0	2	27	0	0
3	96540029	.	A	G	19	8	27	0	0	27	0	0
3	101367937	.	C	T	5	2	7	0	2	9	0	0
3	102973406	.	A	G	44	14	58	1	0	59	0	0
3	103187243	.	A	G	25	4	29	0	0	29	0	0
3	119503477	.	A	G	2	2	4	5	0	9	0	0
3	122332375	.	A	G	1	2	3	0	0	3	0	0
3	135112631	.	T	C	50	9	59	0	1	60	0	0
3	137047064	.	G	A	10	2	12	0	0	12	0	0
4	21836550	.	A	G	53	7	60	0	0	60	0	0
4	21911309	.	A	G	25	4	29	0	1	30	0	0
4	21911945	.	A	G	15	3	18	0	0	18	0	0
4	32022582	.	A	G	41	8	49	0	0	49	0	0
4	33019420	.	A	G	104	25	129	0	3	132	0	0
4	33020417	.	A	G	93	56	149	0	2	151	0	0
4	41518514	.	T	C	194	40	234	0	1	235	0	0
4	45377142	.	A	G	6	2	8	0	0	8	0	0
4	75860914	.	G	T	3	6	9	0	0	9	0	0
4	84023629	.	T	C	1	2	3	0	1	4	0	0
4	86495344	.	G	T	80	19	99	1	1	101	0	0
4	97456634	.	A	G	4	2	6	0	0	6	0	0
4	103021909	.	A	G	21	4	25	0	2	27	0	0
4	108198313	.	A	G	6	9	15	0	1	16	0	0
4	108198318	.	A	G	13	2	15	0	0	15	0	0
4	108493720	.	T	C	5	2	7	0	1	8	0	0
4	116409401	.	T	C	6	2	8	0	0	8	0	0
4	118484005	.	A	G	11	28	39	0	0	39	0	0
4	118484020	.	A	G	28	10	38	1	3	42	0	0
4	118484072	.	A	G	20	3	23	0	0	23	0	0
4	119080724	.	T	C	18	3	21	0	2	23	0	0
4	119081410	.	T	C	15	4	19	0	0	19	0	0
4	124838094	.	A	G	16	11	27	0	0	27	0	0
4	125982944	.	A	G	12	9	21	0	0	21	0	0
4	125982989	.	A	G	10	3	13	0	0	13	0	0
4	125985458	.	A	G	14	3	17	0	1	18	0	0
4	126233003	.	T	G	3	3	6	0	3	9	0	0
4	126370235	.	C	T	1	2	3	3	1	7	0	0
4	129062390	.	T	C	6	2	8	0	0	8	0	0
4	137987341	.	A	G	85	13	98	0	0	98	0	0
4	137987354	.	A	G	65	22	87	0	0	87	0	0
4	140842602	.	G	A	3	2	5	0	0	5	0	0
4	141488012	.	T	C	44	4	48	0	3	51	0	0
4	147907821	.	T	C	3	2	5	0	0	5	0	0
4	149203211	.	A	G	20	5	25	0	0	25	0	0
4	149552635	.	T	C	5	3	8	0	1	9	0	0
4	155706828	.	A	G	17	3	20	0	0	20	0	0
4	155800382	.	A	G	15	4	19	0	0	19	0	0
4	155800978	.	A	G	3	4	7	0	0	7	0	0
4	156095123	.	A	G	65	64	129	0	3	132	0	0
5	3680495	.	T	C	7	2	9	0	0	9	0	0
5	3680498	.	T	C	4	4	8	0	0	8	0	0
5	22733550	.	C	T	2	2	4	3	0	7	0	0
5	24649635	.	T	C	30	6	36	0	1	37	0	0
5	25430722	.	A	G	7	4	11	0	0	11	0	0
5	29658129	.	A	G	1	3	4	0	0	4	0	0
5	31330824	.	T	C	12	3	15	0	0	15	0	0
5	65605388	.	T	C	58	16	74	0	1	75	0	0
5	65605389	.	T	C	38	31	69	0	4	73	0	0
5	65984268	.	G	T	1	2	3	0	0	3	0	0
5	65984269	.	G	T	1	1	2	0	1	3	0	0
5	77555578	.	T	C	6	25	31	0	0	31	0	0
5	77555630	.	T	C	3	30	33	0	2	35	0	0
5	104652843	.	A	G	17	4	21	0	1	22	0	0
5	104652845	.	A	G	17	4	21	0	0	21	0	0
5	110081429	.	C	T	9	3	12	0	1	13	0	0
5	110081431	.	C	T	8	3	11	0	2	13	0	0
5	114866901	.	T	C	9	2	11	0	0	11	0	0
5	115437301	.	T	C	9	2	11	0	0	11	0	0
5	117342815	.	A	G	1	2	3	0	0	3	0	0
5	121683511	.	T	C	15	8	23	0	2	25	0	0
5	121683667	.	T	C	21	3	24	0	0	24	0	0
5	121955331	.	C	A	15	3	18	0	0	18	0	0
5	122546590	.	A	G	12	2	14	0	0	14	0	0
5	122546790	.	A	G	13	2	15	0	0	15	0	0
5	123304854	.	A	C	1	2	3	0	2	5	0	0
5	123386729	.	A	G	26	11	37	0	0	37	0	0
5	123510674	.	G	T	14	4	18	0	0	18	0	0
5	124940119	.	A	G	8	3	11	0	1	12	0	0
5	125534541	.	A	G	53	39	92	0	0	92	0	0
5	129798517	.	A	G	13	5	18	0	0	18	0	0
5	130014307	.	A	G	57	10	67	0	1	68	0	0
5	130018011	.	A	G	15	2	17	0	0	17	0	0
5	134296069	.	T	C	5	2	7	0	0	7	0	0
5	135437709	.	T	C	13	10	23	0	1	24	0	0
5	135437715	.	T	C	13	11	24	0	0	24	0	0
5	136941953	.	A	G	83	26	109	0	1	110	0	0
5	138983558	.	A	C	4	2	6	0	1	7	0	0
5	142655047	.	A	G	97	23	120	0	1	121	0	0
5	143751066	.	A	G	12	4	16	0	0	16	0	0
5	148269115	.	G	C	19	7	26	0	1	27	0	0
5	150571797	.	T	C	1	3	4	0	0	4	0	0
6	6820840	.	C	A	1	13	14	0	0	14	0	0
6	8457840	.	G	A	1	4	5	0	0	5	0	0
6	12041543	.	T	A	14	5	19	1	1	21	0	0
6	12312101	.	A	G	1	5	6	0	1	7	0	0
6	25689644	.	G	A	24	27	51	0	3	54	0	0
6	29713997	.	A	G	2	2	4	0	0	4	0	0
6	31492602	.	A	G	8	6	14	0	0	14	0	0
6	37783131	.	C	T	0	3	3	10	5	18	0	0
6	37847782	.	A	G	9	4	13	0	0	13	0	0
6	39464820	.	T	C	15	2	17	0	0	17	0	0
6	50179729	.	A	G	9	2	11	0	0	11	0	0
6	50179735	.	A	G	6	2	8	0	0	8	0	0
6	59329477	.	G	A	6	2	8	0	0	8	0	0
6	66517065	.	A	G	2	3	5	0	0	5	0	0
6	66517625	.	A	G	11	10	21	0	0	21	0	0
6	72584973	.	T	C	10	3	13	0	1	14	0	0
6	83467215	.	T	C	1	1	2	0	0	2	0	0
6	85689997	.	C	G	2	2	4	1	0	5	0	0
6	86262509	.	T	C	1	1	2	0	2	4	0	0
6	87791772	.	T	C	12	2	14	0	0	14	0	0
6	92151044	.	C	G	3	4	7	0	0	7	0	0
6	113266028	.	A	G	3	2	5	0	0	5	0	0
6	113588113	.	A	G	6	2	8	0	0	8	0	0
6	118517425	.	C	T	0	2	2	0	0	2	0	0
6	118566170	.	T	C	10	3	13	0	2	15	0	0
6	118567586	.	C	T	1	13	14	0	1	16	1	0
6	119197203	.	T	A	1	2	3	0	0	3	0	0
6	119898378	.	A	G	5	2	7	0	0	7	0	0
6	122715338	.	C	A	5	1	6	0	1	7	0	0
6	122715342	.	C	A	4	1	5	0	0	5	0	0
6	122715481	.	T	C	4	2	6	0	0	6	0	0
6	125127623	.	A	G	1	2	3	0	0	3	0	0
6	126619121	.	T	C	71	25	96	0	1	97	0	0
6	135114828	.	A	G	4	2	6	0	0	6	0	0
6	146012079	.	C	T	8	2	10	0	1	11	0	0
6	146733920	.	A	G	1	2	3	0	0	3	0	0
6	149236756	.	A	G	9	3	12	0	0	12	0	0
7	3463600	.	A	G	100	21	121	0	3	124	0	0
7	5032211	.	G	C	3	2	5	0	1	6	0	0
7	6176879	.	A	G	2	2	4	0	0	4	0	0
7	6357924	.	A	G	6	3	9	0	0	9	0	0
7	6967217	.	A	G	28	4	32	0	0	32	0	0
7	7294022	.	T	G	1	5	6	0	1	7	0	0
7	12716527	.	C	A	1	4	5	0	0	5	0	0
7	12717077	.	T	C	1	4	5	0	0	5	0	0
7	16619272	.	A	G	7	52	59	2	0	61	0	0
7	16619450	.	A	G	19	2	21	0	0	21	0	0
7	16619714	.	A	G	93	31	124	0	2	126	0	0
7	18624160	.	C	T	1	4	5	0	0	5	0	0
7	18626408	.	C	A	0	4	4	0	0	4	0	0
7	18626409	.	C	T	1	4	5	0	0	5	0	0
7	18873733	.	T	C	11	6	17	0	0	17	0	0
7	19086180	.	G	T	2	2	4	0	0	4	0	0
7	19122600	.	G	A	1	2	3	0	0	3	0	0
7	19446530	.	T	C	1	2	3	0	0	3	0	0
7	19638449	.	T	A	2	3	5	0	0	5	0	0
7	19638461	.	T	A	2	3	5	0	0	5	0	0
7	26904216	.	A	G	11	2	13	0	0	13	0	0
7	26904993	.	A	G	2	6	8	0	0	8	0	0
7	27227593	.	T	C	58	14	72	0	1	73	0	0
7	27520956	.	A	G	7	3	10	0	0	10	0	0
7	27663471	.	G	A	1	2	3	0	0	3	0	0
7	27663582	.	A	G	2	4	6	1	0	7	0	0
7	28801247	.	C	T	2	2	4	0	0	4	0	0
7	28993193	.	G	A	1	2	3	0	0	3	0	0
7	29669226	.	C	T	1	2	3	0	0	3	0	0
7	36395575	.	G	A	1	2	3	0	0	3	0	0
7	43174884	.	T	C	2	2	4	0	0	4	0	0
7	44036693	.	A	G	1	2	3	0	0	3	0	0
7	44566138	.	T	C	1	2	3	0	0	3	0	0
7	45032973	.	T	C	4	4	8	0	0	8	0	0
7	45141114	.	T	C	4	2	6	0	0	6	0	0
7	45235819	.	A	G	3	2	5	0	0	5	0	0
7	58972333	.	T	C	2	2	4	0	0	4	0	0
7	79206023	.	A	G	37	8	45	0	3	48	0	0
7	79741424	.	G	T	1	2	3	0	2	5	0	0
7	79889704	.	A	G	7	3	10	2	0	12	0	0
7	80361800	.	T	C	8	3	11	0	0	11	0	0
7	81180352	.	A	G	6	2	8	0	0	8	0	0
7	81180363	.	A	G	7	3	10	0	0	10	0	0
7	81253540	.	T	C	20	5	25	0	0	25	0	0
7	81521934	.	A	G	6	3	9	0	0	9	0	0
7	81521958	.	A	G	8	4	12	0	0	12	0	0
7	81522050	.	A	G	3	4	7	0	1	8	0	0
7	81522943	.	A	G	6	2	8	0	1	9	0	0
7	92292467	.	G	A	4	2	6	0	0	6	0	0
7	110655309	.	T	C	14	13	27	2	3	32	0	0
7	118783586	.	C	T	2	2	4	0	0	4	0	0
7	123582585	.	A	G	24	5	29	0	0	29	0	0
7	126853494	.	A	G	40	12	52	0	2	54	0	0
7	127054750	.	A	G	8	2	10	0	1	11	0	0
7	127165579	.	A	G	2	2	4	0	0	4	0	0
7	130360893	.	A	T	7	17	24	0	0	24	0	0
7	139715633	.	A	G	6	2	8	0	0	8	0	0
7	139715640	.	A	G	2	5	7	0	0	7	0	0
7	142207010	.	T	C	15	5	20	0	1	21	0	0
8	5690991	.	T	C	3	1	4	0	1	5	0	0
8	11665612	.	C	T	3	1	4	0	3	7	0	0
8	14140659	.	G	A	25	7	32	0	1	33	0	0
8	14140661	.	A	C	24	7	31	0	0	31	0	0
8	19741629	.	C	T	6	5	11	3	0	14	0	0
8	19834807	.	A	T	18	2	20	36	0	56	0	0
8	19834818	.	G	A	14	2	16	26	0	42	0	0
8	20030855	.	G	A	12	5	17	5	0	22	0	0
8	20727130	.	G	A	25	15	40	5	0	45	0	0
8	27529741	.	T	A	3	2	5	0	0	6	1	0
8	41370800	.	A	G	7	3	10	0	0	10	0	0
8	42700052	.	A	G	1	4	5	3	2	10	0	0
8	42700188	.	T	C	1	3	4	1	0	6	1	0
8	67313452	.	G	A	6	2	8	4	0	12	0	0
8	70017218	.	C	G	1	6	7	4	0	11	0	0
8	70017232	.	G	A	1	3	4	5	0	9	0	0
8	70481490	.	A	C	10	4	14	0	1	15	0	0
8	70967375	.	T	C	1	3	4	0	0	4	0	0
8	71131397	.	G	A	4	3	7	0	0	7	0	0
8	71826392	.	A	G	6	3	9	0	0	9	0	0
8	72977426	.	A	G	20	18	38	0	2	40	0	0
8	84298251	.	C	A	8	2	10	0	0	10	0	0
8	84298252	.	T	A	4	2	6	0	0	6	0	0
8	84982724	.	T	C	12	2	14	0	0	14	0	0
8	85853557	.	A	G	6	2	8	3	0	11	0	0
8	85858319	.	A	G	3	2	5	0	0	5	0	0
8	95049423	.	A	G	3	2	5	0	0	5	0	0
8	96468587	.	G	A	29	33	62	0	1	63	0	0
8	110817217	.	A	G	28	7	35	0	0	35	0	0
8	121823764	.	T	C	5	2	7	0	0	7	0	0
8	124147389	.	G	A	256	243	499	0	7	506	0	0
8	124261954	.	A	G	2	3	5	0	0	5	0	0
8	125458763	.	T	C	3	2	5	0	0	5	0	0
8	125620861	.	T	C	27	10	37	0	0	37	0	0
9	3387771	.	A	G	13	6	19	0	0	19	0	0
9	4456006	.	T	C	0	3	3	0	0	3	0	0
9	15821586	.	T	C	5	2	7	0	0	7	0	0
9	20513879	.	A	G	2	2	4	0	0	4	0	0
9	20781697	.	A	G	28	4	32	0	0	32	0	0
9	43020642	.	G	A	8	0	8	0	3	11	0	0
9	44206375	.	T	C	8	3	11	0	0	11	0	0
9	44221129	.	T	C	3	3	6	0	0	6	0	0
9	51534505	.	T	C	0	2	2	0	1	3	0	0
9	56033908	.	C	T	3	2	5	0	0	5	0	0
9	57041636	.	A	G	12	2	14	0	0	14	0	0
9	65253878	.	A	G	22	4	26	0	0	26	0	0
9	65595677	.	A	G	2	3	5	0	0	5	0	0
9	65998448	.	T	C	5	2	7	0	0	7	0	0
9	66683299	.	C	T	7	2	9	0	4	13	0	0
9	72857136	.	A	G	26	4	30	0	1	31	0	0
9	87073378	.	A	G	3	2	5	0	0	5	0	0
9	95938130	.	A	G	20	3	23	0	0	23	0	0
9	95939206	.	A	G	25	3	28	0	0	28	0	0
9	95939293	.	A	G	23	8	31	0	1	32	0	0
9	107509509	.	A	G	2	2	4	0	0	4	0	0
9	123349983	.	A	G	7	3	10	0	0	10	0	0
9	124033164	.	C	T	9	2	11	0	0	11	0	0
9	124034058	.	T	G	28	6	34	3	1	38	0	0
X	37697716	.	A	G	10	2	12	0	1	13	0	0
X	40743129	.	A	G	14	92	106	0	2	108	0	0
X	40743165	.	A	G	3	8	11	0	0	11	0	0
X	46899305	.	A	G	9	3	12	0	0	12	0	0
X	55633003	.	T	C	35	10	45	0	3	48	0	0
X	60231705	.	A	G	20	11	31	0	0	31	0	0
X	69388256	.	T	C	56	9	65	0	1	66	0	0
X	73270255	.	T	C	7	8	15	0	1	16	0	0
X	73270468	.	T	C	1	12	13	0	0	13	0	0
X	102620158	.	T	C	2	11	13	0	0	13	0	0
X	102620159	.	T	C	3	10	13	0	0	13	0	0
X	102623385	.	T	C	5	7	12	0	1	13	0	0
X	102623421	.	T	C	8	3	11	0	1	12	0	0
X	106830700	.	T	C	39	9	48	0	0	48	0	0
X	145978689	.	A	G	54	9	63	0	1	64	0	0
X	149766871	.	T	C	24	8	32	0	9	41	0	0
X	149767614	.	T	C	83	63	146	1	5	152	0	0
X	159360986	.	A	G	24	6	30	0	0	30	0	0
X	162759923	.	T	C	1	2	3	0	0	3	0	0
X	164972992	.	A	G	11	2	13	0	1	14	0	0
X	166906187	.	T	C	8	2	10	0	0	10	0	0
